<?xml version="1.0" encoding="UTF-8"?>
<!DOCTYPE mapper PUBLIC "-//mybatis.org//DTD Mapper 3.0//EN" "http://mybatis.org/dtd/mybatis-3-mapper.dtd">
<mapper namespace="com.fhyTest.VueAndSpringboot.mapper.adminMapper">

<select id="queryAdmin" resultType="hashmap">
  select admin_id as adminId ,
         admin_account as adminAccount ,
         admin_password as adminPassword,
         admin_phone as adminPhone
  from tb_admin
</select>


    <insert id="insertAdmin" parameterType="hashMap">
        insert into tb_admin values(
              null,
              #{adminAccount},
              #{adminPassword},
              #{adminPhone})
    </insert>

    <update id="updateAdmin" parameterType="hashMap">
        update tb_admin a
        <include refid="updateCondition" />
        where admin_id=#{adminId}
    </update>


    <sql id="updateCondition">
        <trim prefix="set" prefixOverrides=",">
            <if test="adminAccount        != null and adminAccount       !=''">, a.admin_account=#{adminAccount} </if>
            <if test="adminPassword       != null and adminPassword      !=''">, a.admin_password=#{adminPassword}            </if>
            <if test="adminPhone          != null and adminPhone        !=''">, a.admin_phone=#{adminPhone}            </if>
        </trim>

    </sql>

    <sql id="queryFields">
        select admin_id as adminId ,
               admin_account as adminAccount ,
               admin_password as adminPassword,
               admin_phone as adminPhone
        from tb_admin as a
    </sql>

    <sql id="queryCondition">
        <trim prefix="where" prefixOverrides="and|or">
            <if test="adminId             != null and adminId            !=''">and a.admin_id=#{adminId} </if>
            <if test="adminAccount        != null and adminAccount       !=''">and a.admin_account=#{adminAccount} </if>
            <if test="adminPassword       != null and adminPassword      !=''">and a.admin_password=#{adminPassword}            </if>
            <if test="adminPhone          != null and adminPhone     	 !=''">and a.admin_phone=#{adminPhone}            </if>
        </trim>
    </sql>

    <select id="queryAdminCount" parameterType="hashmap" resultType="int">
        select count(admin_id) from tb_admin as a
        <include refid="queryCondition" />
    </select>

    <select id="queryPageAdminList" parameterType="hashmap" resultType="hashmap">
        <include refid="queryFields" />
        <include refid="queryCondition" />
        <if test="start != null and pageSize != null ">
            limit #{start}, #{pageSize}
        </if>
    </select>

    <delete id="deleteAdmin" parameterType="int">
        delete from tb_admin where admin_id = #{adminId}
    </delete>



</mapper>