<?xml version="1.0" encoding="UTF-8"?>
<!DOCTYPE mapper PUBLIC "-//mybatis.org//DTD Mapper 3.0//EN" "http://mybatis.org/dtd/mybatis-3-mapper.dtd">
<mapper namespace="com.fhyTest.VueAndSpringboot.mapper.collectMapper">

    <select id="queryCollect" resultType="hashmap">
  select collect_id as collectId,
         room_id as roomId ,
         user_id as userId
  from tb_collect
</select>


    <insert id="insertCollect" parameterType="hashMap">
        insert into tb_collect values(
              null,
              #{roomId},
              #{userId})
    </insert>

    <update id="updateCollect" parameterType="hashMap">
        update tb_collect c
        <include refid="updateCondition" />
        where collect_id=#{collectId}
    </update>


    <sql id="updateCondition">
        <trim prefix="set" prefixOverrides=",">
            <if test="roomId        != null and roomId       !=''">, c.room_id=#{roomId} </if>
            <if test="userId        != null and userId       !=''">, c.user_id=#{userId}            </if>
        </trim>

    </sql>

    <sql id="queryFields">
        SELECT
            collect_id AS collectId,
            c.room_id AS roomId,
            c.user_id AS userId
        FROM
            tb_collect AS c
                INNER JOIN tb_room AS r ON c.room_id = r.room_id
                INNER JOIN tb_user AS u ON c.user_id = u.user_id
    </sql>

    <sql id="queryCondition">
        <trim prefix="where" prefixOverrides="and|or">
            <if test="collectId          != null and collectId      !=''">and c.collect_id=#{collectId} </if>
            <if test="roomId             != null and roomId         !=''">and c.room_id=#{roomId} </if>
            <if test="userId             != null and userId         !=''">and c.user_id=#{userId}            </if>
        </trim>
    </sql>

    <select id="queryCollectCount" parameterType="hashmap" resultType="int">
        select count(admin_id) from tb_admin as a
        <include refid="queryCondition" />
    </select>

    <select id="queryPageCollectList" parameterType="hashmap" resultType="hashmap">
        <include refid="queryFields" />
        <include refid="queryCondition" />
        <if test="start != null and pageSize != null ">
            limit #{start}, #{pageSize}
        </if>
    </select>

    <delete id="deleteCollect" parameterType="int">
        delete from tb_collect where collect_id=#{collectId}
    </delete>

    <select id="collectDelete" parameterType="hashmap" resultType="int">
        delete from tb_collect
        <include refid="queryCondition1" />
    </select>

    <sql id="queryCondition1">
        <trim prefix="where" prefixOverrides="and|or">
            <if test="collectId          != null and collectId      !=''">and collect_id=#{collectId} </if>
            <if test="roomId             != null and roomId         !=''">and room_id=#{roomId} </if>
            <if test="userId             != null and userId         !=''">and user_id=#{userId}            </if>
        </trim>
    </sql>


</mapper>