<?xml version="1.0" encoding="UTF-8"?>
<!DOCTYPE mapper PUBLIC "-//mybatis.org//DTD Mapper 3.0//EN" "http://mybatis.org/dtd/mybatis-3-mapper.dtd">
<mapper namespace="com.fhyTest.VueAndSpringboot.mapper.communityMapper">

    <select id="selectCommunity" resultType="hashmap">
       select
           community_id as communityId,
           community_name as communityName,
           community_adress as communityAdress,
           community_subwayfirst as communitySubwayfirst,
           community_subwaysecond as communitySubwaysecond,
           community_subwaydistence as communitySubwaydistence,
           community_areafirst as communityAreafirst,
           community_areasecond as communityAreasecond,
           community_size as communitySize,
           community_islift as communityIslift,
           community_greensize as communityGreensize,
           community_parkinglotsize as communityParkinglotsize,
           community_parkinglotcost as communityParkinglotcost,
           community_propertyphone as communityPropertyphone,
           community_longitude as communityLongitude,
           community_latitude as communityLatitude


       from tb_community
    </select>


    <insert id="insertCommunity" parameterType="hashMap">
        insert into tb_community values(
        null,
        #{communityName},
        #{communityAdress},
        #{communitySubwayfirst},
        #{communitySubwaysecond},
        #{communitySubwaydistence},
        #{communityAreafirst},
        #{communityAreasecond},
        #{communitySize},
        #{communityIslift},
        #{communityGreensize},
        #{communityParkinglotsize},
        #{communityParkinglotcost},
        #{communityPropertyphone},
        #{communityLongitude},
        #{communityLatitude}
        )
    </insert>

    <update id="updateCommunity" parameterType="hashMap">
        update tb_community c
        <include refid="updateCondition" />
        where community_id=#{communityId}
    </update>


    <sql id="updateCondition">
        <trim prefix="set" prefixOverrides=",">
            <if test="communityAdress           != null and communityAdress            !=''">, c.community_adress=#{communityAdress} </if>
            <if test="communityName             != null and communityName              !=''">, c.community_name=#{communityName}            </if>
            <if test="communitySubwayfirst      != null and communitySubwayfirst       !=''">, c.community_subwayfirst=#{communitySubwayfirst}            </if>
            <if test="communitySubwaysecond     != null and communitySubwaysecond      !=''">, c.community_subwaysecond=#{communitySubwaysecond}            </if>
            <if test="communitySubwaydistence   != null and communitySubwaydistence    !=''">, c.community_subwaydistence = #{communitySubwaydistence}            </if>
            <if test="communityAreafirst        != null and communityAreafirst         !=''">, c.community_areafirst=#{communityAreafirst}            </if>
            <if test="communityAreasecond       != null and communityAreasecond        !=''">, c.community_areasecond=#{communityAreasecond}            </if>
            <if test="communitySize             != null and communitySize              !=''">, c.community_size=#{communitySize}            </if>
            <if test="communityIslift           != null and communityIslift            !=''">, c.community_islift=#{communityIslift}            </if>
            <if test="communityGreensize        != null and communityGreensize         !=''">, c.community_greensize=#{communityGreensize}            </if>
            <if test="communityParkinglotsize   != null and communityParkinglotsize    !=''">, c.community_parkinglotsize=#{communityParkinglotsize}            </if>
            <if test="communityParkinglotcost   != null and communityParkinglotcost    !=''">, c.community_parkinglotcost=#{communityParkinglotcost}            </if>
            <if test="communityLongitude        != null and communityLongitude         !=''">, c.community_longitude=#{communityLongitude}            </if>
            <if test="communityLatitude         != null and communityLatitude          !=''">, c.community_latitude=#{communityLatitude}            </if>
        </trim>
    </sql>

    <sql id="queryFields">
        select
           community_id as communityId,
           community_name as communityName,
           community_adress as communityAdress,
           community_subwayfirst as communitySubwayfirst,
           community_subwaysecond as communitySubwaysecond,
           community_subwaydistence as communitySubwaydistence,
           community_areafirst as communityAreafirst,
           community_areasecond as communityAreasecond,
           community_size as communitySize,
           community_islift as communityIslift,
           community_greensize as communityGreensize,
           community_parkinglotsize as communityParkinglotsize,
           community_parkinglotcost as communityParkinglotcost,
           community_propertyphone as communityPropertyphone,
            community_longitude as communityLongitude,
                community_latitude as communityLatitude
        from tb_community  c
  </sql>

    <sql id="queryCondition">
        <trim prefix="where" prefixOverrides="and|or">
            <if test="communityId               != null and communityId                 !=''">and c.community_id=#{communityId}                    </if>
            <if test="communityName             != null and communityName             	!=''">and c.community_name like '%${communityName}%'            </if>
            <if test="communityAdress           != null and communityAdress             !=''">and c.community_adress like '%${communityAdress}%'    </if>
            <if test="communitySubwayfirst      != null and communitySubwayfirst     	!=''">and c.community_subwayfirst=#{communitySubwayfirst}            </if>
            <if test="communitySubwaysecond     != null and communitySubwaysecond     	!=''">and c.community_subwaysecond=#{communitySubwaysecond}            </if>

            <if test="communitySubwaydistence1  != null and communitySubwaydistence1    !=''">and c.community_subwaydistence &gt;= #{communitySubwaydistence1}            </if>

            <if test="communitySubwaydistence2  != null and communitySubwaydistence2    !=''">and c.community_subwaydistence &lt;= #{communitySubwaydistence2}</if>

            <if test="communityAreafirst        != null and communityAreafirst     	    !=''">and c.community_areafirst=#{communityAreafirst}            </if>
            <if test="communityAreasecond       != null and communityAreasecond     	!=''">and c.community_areasecond=#{communityAreasecond}            </if>

            <if test="communitySize1             != null and communitySize1     	        !=''">and c.community_size &gt;= #{communitySize1}            </if>
             <if test="communitySize2             != null and communitySize2     	        !=''">and c.community_size &lt;= #{communitySize2}            </if>

            <if test="communityIslift           != null and communityIslift     	    !=''">and c.community_islift=#{communityIslift}            </if>

            <if test="communityGreensize1        != null and communityGreensize1     	    !=''">and c.community_greensize &gt;= #{communityGreensize1}            </if>
            <if test="communityGreensize2        != null and communityGreensize2     	    !=''">and c.community_greensize  &lt;= #{communityGreensize2}            </if>

            <if test="communityParkinglotsize1   != null and communityParkinglotsize1     !=''">and c.community_parkinglotsize &gt;= #{communityParkinglotsize1}            </if>
          <if test="communityParkinglotsize2   != null and communityParkinglotsize2     !=''">and c.community_parkinglotsize &lt;= #{communityParkinglotsize2}            </if>

            <if test="communityParkinglotcost1  != null and communityParkinglotcost1     !=''">and c.community_parkinglotcost &gt;= #{communityParkinglotcost1}            </if>
          <if test="communityParkinglotcost2   != null and communityParkinglotcost2     !=''">and c.community_parkinglotcost &lt;= #{communityParkinglotcost2}            </if>

            <if test="communityPropertyphone    != null and communityPropertyphone     	!=''">and c.community_propertyphone like '%${communityPropertyphone}%'            </if>
            <if test="communityLongitude        != null and communityLongitude         !=''">and c.community_longitude=#{communityLongitude}            </if>
            <if test="communityLatitude         != null and communityLatitude          !=''">and c.community_latitude=#{communityLatitude}            </if>

        </trim>
    </sql>

    <select id="queryCommunityCount" parameterType="hashmap" resultType="int">
        select count(community_id) from tb_community as c
        <include refid="queryCondition" />
    </select>

    <select id="queryPageCommunityList" parameterType="hashmap" resultType="hashmap">
        <include refid="queryFields" />
        <include refid="queryCondition" />
        <if test="start != null and pageSize != null ">
            limit #{start}, #{pageSize}
        </if>
    </select>

    <delete id="deleteCommunity" parameterType="int">
        delete from tb_community where community_id = #{communityId}
    </delete>

  <select id="queryNullSaleid" resultType="hashMap">
    SELECT r.room_id ,c.community_adress, c.community_name , h.house_name,r.room_num FROM tb_room r
                                                                                 LEFT JOIN tb_house h ON r.room_houseid = h.house_id
                                                                                 right JOIN tb_community c ON h.house_communityid = c.community_id
    WHERE ISNULL(r.room_saleid)

  </select>


  <select id="queryCommunityIdAndName" resultType="hashmap">
    SELECT community_id as communityId , community_name as communityName FROM tb_community
  </select>


</mapper>