<?xml version="1.0" encoding="UTF-8"?>
<!DOCTYPE mapper PUBLIC "-//mybatis.org//DTD Mapper 3.0//EN" "http://mybatis.org/dtd/mybatis-3-mapper.dtd">
<mapper namespace="com.fhyTest.VueAndSpringboot.mapper.houseMapper">

    <select id="selectHouse" resultType="hashmap">
          select
              house_id             as houseId,
              house_name           as houseName,
              house_size           as houseSize,
              house_userlist       as houseUserlist,
              house_floor          as houseFloor,
              house_layout         as houseLayout,
              house_salespersonid  as houseSalespersonid,
              house_communityid    as houseCommunityid
          from tb_house
    </select>

    <insert id="insertHouse" parameterType="hashMap">
        insert into tb_house values(
        null,
        #{houseName},
        #{houseSize},
        #{houseUserlist},
        #{houseFloor},
        #{houseLayout},
        #{houseSalespersonid},
        #{houseCommunityid})
    </insert>

    <update id="updateHouse" parameterType="hashMap">
        update tb_house h
        <include refid="updateCondition" />
        where house_id=#{houseId}
    </update>

    <sql id="updateCondition">
        <trim prefix="set" prefixOverrides=",">
            <if test="houseName             != null and houseName               !=''">, h.house_name=#{houseName} </if>
            <if test="houseSize             != null and houseSize               !=''">, h.house_size=#{houseSize}            </if>
            <if test="houseUserlist         != null and houseUserlist           !=''">, h.house_userlist=#{houseUserlist}            </if>
            <if test="houseFloor            != null and houseFloor              !=''">, h.house_floor=#{houseFloor}            </if>
            <if test="houseLayout           != null and houseLayout             !=''">, h.house_layout=#{houseLayout}            </if>
            <if test="houseSalespersonid    != null and houseSalespersonid      !=''">, h.house_salespersonid=#{houseSalespersonid}            </if>
            <if test="houseCommunityid      != null and houseCommunityid        !=''">, h.house_communityid = #{houseCommunityid}            </if>
        </trim>

    </sql>
    <sql id="queryFields">
        select
              house_id             as houseId,
              house_name           as houseName,
              house_size           as houseSize,
              house_userlist       as houseUserlist,
              house_floor          as houseFloor,
              house_layout         as houseLayout,
              house_salespersonid  as houseSalespersonid,
              house_communityid    as houseCommunityid
          from tb_house as h
  </sql>

    <sql id="queryCondition">
        <trim prefix="where" prefixOverrides="and|or">
            <if test="houseId               != null and houseId                 !=''">and h.house_id=#{houseId}                    </if>
            <if test="houseName             != null and houseName               !=''">and h.house_name like '%${houseName}%' </if>


          <if test="houseSize1   != null and houseSize1  	!=''">and h.house_size &gt;= #{houseSize1}            </if>
          <if test="houseSize2   != null and houseSize2  	!=''">and h.house_size &lt;= #{houseSize2}            </if>

            <if test="houseUserlist         != null and houseUserlist     	    !=''">and h.house_userlist=#{houseUserlist}            </if>
            <if test="houseFloor            != null and houseFloor     	        !=''">and h.house_floor = #{houseFloor}            </if>
            <if test="houseLayout           != null and houseLayout     	    !=''">and h.house_layout like '%${houseLayout}%'            </if>
            <if test="houseSalespersonid    != null and houseSalespersonid      !=''">and h.house_salespersonid=#{houseSalespersonid}            </if>
            <if test="houseCommunityid     != null and houseCommunityid     	!=''">and h.house_communityid in #{houseCommunityid}            </if>
        </trim>
    </sql>

    <select id="queryHouseCount" parameterType="hashmap" resultType="int">
        select count(house_id) from tb_house as h
        <include refid="queryCondition" />
    </select>

    <select id="queryPageHouseList" parameterType="hashmap" resultType="hashmap">
        <include refid="queryFields" />
        <include refid="queryCondition" />
        <if test="start != null and pageSize != null ">
            limit #{start}, #{pageSize}
        </if>
    </select>


    <delete id="deleteHouse" parameterType="int">
        delete from tb_house where house_id = #{houseId}
    </delete>
<!--    获取house的名字 ,Id-->
    <select id="queryHouseNameAndId" parameterType="int" resultType="hashMap">
        select house_name as houseName,house_id as houseId from tb_house where house_communityid =#{communityId}
    </select>


</mapper>
