<?xml version="1.0" encoding="UTF-8"?>
<!DOCTYPE mapper PUBLIC "-//mybatis.org//DTD Mapper 3.0//EN" "http://mybatis.org/dtd/mybatis-3-mapper.dtd">
<mapper namespace="com.fhyTest.VueAndSpringboot.mapper.roomMapper">


    <select id="selectRoom" resultType="hashmap">
    select room_id as roomId,
           room_num as roomNum,
           room_size as roomSize,
           room_rent as roomRent,
           room_hiretype as roomHiretype,
           room_face as roomFace,
           room_describe as roomDescribe,
           room_item as roomItem,
           room_ishire as roomIshire,
           room_url as roomUrl,
           room_houseid as roomHouseid,
           room_saleid as roomSaleid,

           room_userid as roomUserid

    from tb_room

  </select>
    <insert id="insertRoom" parameterType="hashMap">
        insert into tb_room values(
                   null,
                   #{roomNum},
                   #{roomSize},
                   #{roomRent},
                   #{roomHiretype},
                   #{roomFace},
                   #{roomDescribe},
                   #{roomItem},
                   #{roomIshire},
                   #{roomUrl},
                   #{roomHouseid},
                   #{roomSaleid},
                   null )
    </insert>


    <update id="updateRoom" parameterType="hashMap">
        update tb_room r
        <include refid="updateCondition" />
        where r.room_id=#{roomId}
    </update>



    <sql id="updateCondition">
        <trim prefix="set" prefixOverrides=",">
            <if test="roomNum          != null and roomNum          !=''">, r.room_num=#{roomNum} </if>
            <if test="roomSize         != null and roomSize         !=''">, r.room_size=#{roomSize}            </if>
            <if test="roomRent         != null and roomRent         !=''">, r.room_rent=#{roomRent}            </if>
            <if test="roomHiretype     != null and roomHiretype     !=''">, r.room_hiretype=#{roomHiretype}            </if>
            <if test="roomFace         != null and roomFace         !=''">, r.room_face=#{roomFace}            </if>
            <if test="roomDescribe     != null and roomDescribe     !=''">, r.room_describe=#{roomDescribe}            </if>
            <if test="roomItem         != null and roomItem         !=''">, r.room_item=#{roomItem}            </if>
            <if test="roomIshire       != null and roomIshire       !=''">, r.room_ishire=#{roomIshire}            </if>
            <if test="roomUrl          != null and roomUrl          !=''">, r.room_url=#{roomUrl}            </if>
            <if test="roomHouseid      != null and roomHouseid      !=''">, r.room_houseid=#{roomHouseid}            </if>
            <if test="roomSaleid       != null and roomSaleid       !=''">, r.room_saleid=#{roomSaleid}            </if>
            <if test="roomUserid       != null and roomUserid       !=''">, r.room_userid=#{roomUserid}            </if>

        </trim>

    </sql>


    <sql id="queryFields">

        SELECT
            room_id AS roomId,
            room_num AS roomNum,
            room_size AS roomSize,
            room_rent AS roomRent,
            room_hiretype AS roomHiretype,
            room_face AS roomFace,
            room_describe AS roomDescribe,
            room_item AS roomItem,
            room_ishire AS roomIshire,
            room_url AS roomUrl,
            room_houseid AS roomHouseid,
            room_saleid AS roomSaleid,
            room_userid AS roomUserid,
            house_id AS houseId,
            house_name AS houseName,
            house_size AS houseSize,
            house_userlist AS houseUserlist,
            house_floor AS houseFloor,
            house_layout AS houseLayout,
            house_salespersonid AS houseSalespersonid,
            house_communityid AS houseCommunityid,
            community_id AS communityId,
            community_name AS communityName,
            community_adress AS communityAdress,
            community_subwayfirst AS communitySubwayfirst,
            community_subwaysecond AS communitySubwaysecond,
            community_subwaydistence AS communitySubwaydistence,
            community_areafirst AS communityAreafirst,
            community_areasecond AS communityAreasecond,
            community_size AS communitySize,
            community_islift AS communityIslift,
            community_greensize AS communityGreensize,
            community_parkinglotsize AS communityParkinglotsize,
            community_parkinglotcost AS communityParkinglotcost,
            community_propertyphone AS communityPropertyphone,
            community_longitude AS communityLongitude,
            community_latitude AS communityLatitude,
            sale_id AS saleId,
            sale_name AS saleName,
            sale_phone AS salePhone,
            sale_url AS saleUrl,
            sale_roomid AS saleRoomid
        FROM
            tb_house AS h
                INNER JOIN tb_room AS r ON r.room_houseid = h.house_id
                INNER JOIN tb_community AS c ON c.community_id = h.house_communityid
                INNER JOIN tb_sale AS s ON s.sale_id = r.room_saleid
    </sql>



    <sql id="queryCondition">
        <trim prefix="where" prefixOverrides="and|or">
            <if test="roomId                    != null and roomId                      !=''">and r.room_id=#{roomId}                    </if>
            <if test="roomNum                   != null and roomNum                     !=''">and r.room_num=#{roomNum} </if>

            <if test="roomSize1                 != null and roomSize1                	!=''">and r.room_size &gt;= #{roomSize1}            </if>

            <if test="roomSize2                 != null and roomSize2                	!=''">and r.room_size &lt;= #{roomSize2}            </if>

            <if test="roomRent1                 != null and roomRent1                   !=''">and r.room_rent &gt;= #{roomRent1}          </if>
            <if test="roomRent2                 != null and roomRent2                   !=''">and r.room_rent &lt;= #{roomRent2}            </if>


            <if test="roomHiretype              != null and roomHiretype                !=''">and r.room_hiretype=#{roomHiretype}            </if>
            <if test="roomFace                  != null and roomFace                	!=''">and r.room_face=#{roomFace}            </if>

            <if test="roomDescribe              != null and roomDescribe                !=''">and r.room_describe like '%${roomDescribe}%'           </if>
            <if test="roomItem                  != null and roomItem                	!=''">and r.room_item like '%${roomItem}%'             </if>
            <if test="roomIshire                != null and roomIshire                  !=''">and r.room_ishire=#{roomIshire}            </if>
            <if test="roomUrl                   != null and roomUrl     	            !=''">and r.room_url=#{roomUrl}            </if>
            <if test="roomHouseid               != null and roomHouseid                 !=''">and r.room_houseid = #{roomHouseid}            </if>
            <if test="roomSaleid                != null and roomSaleid                  !=''">and r.room_saleid=#{roomSaleid}            </if>
            <if test="roomUserid                != null and roomUserid                  !=''">and r.room_userid=#{roomUserid}            </if>


            <if test="communityId               != null and communityId                 !=''">and c.community_id=#{communityId}                    </if>
            <if test="communityAdress           != null and communityAdress             !=''">and c.community_adress=#{communityAdress} </if>
            <if test="communitySubwayfirst      != null and communitySubwayfirst     	!=''">and c.community_subwayfirst=#{communitySubwayfirst}            </if>

            <if test="communitySubwaysecond     != null and communitySubwaysecond     	!=''">and c.community_subwaysecond=#{communitySubwaysecond}            </if>
            <if test="communitySubwaydistence   != null and communitySubwaydistence     !=''">and c.community_subwaydistence &lt;= #{communitySubwaydistence}            </if>
            <if test="communityAreafirst        != null and communityAreafirst     	    !=''">and c.community_areafirst=#{communityAreafirst}            </if>
            <if test="communityAreasecond       != null and communityAreasecond     	!=''">and c.community_areasecond=#{communityAreasecond}            </if>
            <if test="communitySize             != null and communitySize     	        !=''">and c.community_size=#{communitySize}            </if>
            <if test="communityIslift           != null and communityIslift     	    !=''">and c.community_islift=#{communityIslift}            </if>
            <if test="communityGreensize        != null and communityGreensize     	    !=''">and c.community_greensize=#{communityGreensize}            </if>
            <if test="communityParkinglotsize   != null and communityParkinglotsize     !=''">and c.community_parkinglotsize=#{communityParkinglotsize}            </if>
            <if test="communityParkinglotcost   != null and communityParkinglotcost     !=''">and c.community_parkinglotcost=#{communityParkinglotcost}            </if>
            <if test="communityPropertyphone    != null and communityPropertyphone     	!=''">and c.community_propertyphone=#{communityPropertyphone}            </if>
            <if test="communityName             != null and communityName             	!=''">and c.community_name like '%${communityName}%'            </if>
            <if test="communityLongitude        != null and communityLongitude          !=''">and c.community_longitude=#{communityLongitude}            </if>
            <if test="communityLatitude         != null and communityLatitude           !=''">and c.community_latitude=#{communityLatitude}            </if>

            <if test="houseId                   != null and houseId                     !=''">and h.house_id=#{houseId}                    </if>
            <if test="houseName                 != null and houseName                   !=''">and h.house_name=#{houseName} </if>
            <if test="houseSize                 != null and houseSize                   !=''">and h.house_size=#{houseSize}            </if>
            <if test="houseUserlist             != null and houseUserlist     	        !=''">and h.house_userlist=#{houseUserlist}            </if>
            <if test="houseFloor                != null and houseFloor     	            !=''">and h.house_floor=#{houseFloor}            </if>
            <if test="houseLayout               != null and houseLayout     	        !=''">and h.house_layout=#{houseLayout}            </if>
            <if test="houseSalespersonid        != null and houseSalespersonid          !=''">and h.house_salespersonid=#{houseSalespersonid}            </if>
            <if test="houseCommunityid          != null and houseCommunityid     	    !=''">and h.house_communityid = #{houseCommunityid}            </if>

        </trim>
    </sql>

    <select id="queryRoomCount" parameterType="hashmap" resultType="int">
        select count(room_id) from tb_room as r
        <include refid="queryCondition" />
    </select>

    <select id="queryPageRoomList" parameterType="hashmap" resultType="hashmap">
        <include refid="queryFields" />
        <include refid="queryCondition" />
        <if test="start != null and pageSize != null ">
            limit #{start}, #{pageSize}
        </if>
    </select>
<!--删除-->
    <delete id="deleteRoom" parameterType="int">
        delete from tb_room where room_id = #{roomId}
    </delete>



<!--  添加管理员Id-->
  <update id="updateSaleId" parameterType="hashmap">
    update tb_room set room_saleid=#{roomSaleid} where room_id=#{roomId}
  </update>


    <select id="queryRoomInnerJoinHouseCount" parameterType="hashmap" resultType="int">
        SELECT
        count( room_id )
        FROM
        tb_house AS h
        RIGHT JOIN tb_room AS r ON r.room_houseid = h.house_id
        LEFT JOIN tb_community AS c ON c.community_id = h.house_communityid        <include refid="queryCondition" />
    </select>








</mapper>