<?xml version="1.0" encoding="UTF-8"?>
<!DOCTYPE mapper PUBLIC "-//mybatis.org//DTD Mapper 3.0//EN" "http://mybatis.org/dtd/mybatis-3-mapper.dtd">
<mapper namespace="com.fhyTest.VueAndSpringboot.mapper.saleMapper">

    <select id="selectSale" resultType="hashmap">
        select sale_id as saleId,
               sale_name as saleName,
               sale_phone as salePhone,
               sale_url as saleUrl,
               sale_roomid as saleRoomid
        from tb_sale
    </select>

    <insert id="insertSale" parameterType="hashMap">
        insert into tb_sale values(
               null,
               #{saleName},
               #{salePhone},
               #{saleUrl},
               #{saleRoomid})
    </insert>

    <update id="updateSale" parameterType="hashMap">
        update tb_sale s
        <include refid="updateCondition" />
        where sale_id=#{saleId}
    </update>


    <sql id="updateCondition">
        <trim prefix="set" prefixOverrides=",">
            <if test="saleName         != null and saleName       !=''">, s.sale_name=#{saleName} </if>
            <if test="salePhone        != null and salePhone      !=''">, s.sale_phone=#{salePhone}            </if>
            <if test="saleUrl          != null and saleUrl           !=''">, s.sale_url=#{saleUrl}            </if>
            <if test="saleRoomid       != null and saleRoomid     !=''">, s.sale_roomid=#{saleRoomid}            </if>
        </trim>

    </sql>

    <sql id="queryFields">
        select sale_id as saleId,
               sale_name as saleName,
               sale_phone as salePhone,
               sale_url as saleUrl,
               sale_roomid as saleRoomid
        from tb_sale as s
    </sql>

    <sql id="queryCondition">
        <trim prefix="where" prefixOverrides="and|or">
            <if test="saleId           != null and saleId         !=''">and s.sale_id=#{saleId}                    </if>
            <if test="saleName         != null and saleName       !=''">and s.sale_name like  '%${saleName}%' </if>
            <if test="salePhone        != null and salePhone      !=''">and s.sale_phone like  '%${salePhone}%'        </if>
            <if test="saleUrl          != null and saleUrl     	  !=''">and s.sale_url=#{saleUrl}            </if>
            <if test="saleRoomid       != null and saleRoomid     !=''">and s.sale_roomid=#{saleRoomid}            </if>
        </trim>
    </sql>

    <select id="querySaleCount" parameterType="hashmap" resultType="int">
        select count(sale_id) from tb_sale as s
        <include refid="queryCondition" />
    </select>

    <select id="queryPageSaleList" parameterType="hashmap" resultType="hashmap">
        <include refid="queryFields" />
        <include refid="queryCondition" />
        <if test="start != null and pageSize != null ">
            limit #{start}, #{pageSize}
        </if>
    </select>

    <delete id="deleteSale" parameterType="int">
        delete from tb_sale where sale_id = #{saleId}
    </delete>


    <select id="querySaleId" resultType="int" parameterType="String">
      select sale_id as saleId
      from tb_sale where sale_roomid =#{saleroomid}
    </select>

  <select id="querySaleNameAndId" resultType="hashMap">
        select  sale_id as saleId , sale_name as saleName from tb_sale
  </select>


</mapper>