<?xml version="1.0" encoding="UTF-8"?>
<!DOCTYPE mapper PUBLIC "-//mybatis.org//DTD Mapper 3.0//EN" "http://mybatis.org/dtd/mybatis-3-mapper.dtd">
<mapper namespace="com.fhyTest.VueAndSpringboot.mapper.userMapper">
<!--  <insert id="insertUser" parameterType="hashmap">-->
<!--    insert into tb_user values(null,#{userNickname},#{userAccount},#{userPassword},null,null,null,null,default)-->
<!--  </insert>-->

    <select id="selectUser" resultType="hashmap">
        select user_id as userId,
               user_name as userName,
               user_age as userAge,
               user_sex as userSex,
               user_url as userUrl,
               user_account as userAccount,
               user_password as userPassword,
               user_mail as userMail
               user_phone as userPhone,
               user_ishire as userIshire,
               user_hiredays as userHiredays,
               user_hireroomid as userHireroomid,
               user_questionid as userQuestionid,
               user_questionanswer as userQuestionanswer

        from tb_user
    </select>

    <insert id="insertUser" parameterType="hashMap">
        insert into tb_user values(
                null,
                #{userName},
                #{userAge},
                #{userSex},
                #{userUrl},
                #{userAccount},
                #{userPassword},
                #{userMail},
                #{userPhone},
        <!--                #{userIshire},-->
        <!--                #{userHiredays},-->
        <!--                #{userHireroomid},-->
                0,
                null,
                null,
                #{userQuestionid},
                #{userQuestionanswer} )
            </insert>

            <update id="updateUser" parameterType="hashMap">
                update tb_user u
                <include refid="updateCondition" />
                where user_id=#{userId}
            </update>

            <sql id="updateCondition">
                <trim prefix="set" prefixOverrides=",">
                    <if test="userName           != null and userName           !=''">, u.user_name=#{userName} </if>
                    <if test="userAge            != null and userAge            !=''">, u.user_age=#{userAge}            </if>
                    <if test="userSex            != null and userSex            !=''">, u.user_sex=#{userSex}            </if>
                    <if test="userUrl            != null and userUrl            !=''">, u.user_url=#{userUrl}            </if>
                    <if test="userAccount        != null and userAccount        !=''">, u.user_account =#{userAccount}          </if>
                    <if test="newPassword        != null and newPassword        !=''">, u.user_password=#{newPassword}                    </if>
                    <if test="userMail           != null and userMail           !=''">, u.user_mail=#{userMail}  </if>
                    <if test="userPhone          != null and userPhone          !=''">, u.user_phone=#{userPhone}  </if>
                    <if test="userIshire         != null and userIshire         !=''">, u.user_ishire=#{userIshire}            </if>
                    <if test="userHiredays       != null and userHiredays       !=''">, u.user_hiredays=#{userHiredays}            </if>
                    <if test="userHireroomid     != null and userHireroomid     !=''">, u.user_hireroomid=#{userHireroomid}                    </if>
                    <if test="userQuestionid     != null and userQuestionid     !=''">, u.user_questionid=#{userQuestionid}                    </if>
                    <if test="userQuestionanswer != null and userQuestionanswer !=''">, u.user_questionanswer=#{userQuestionanswer}                    </if>
                </trim>

            </sql>


            <sql id="queryFields">
                select user_id as userId,
                       user_name as userName,
                       user_age as userAge,
                       user_sex as userSex,
                       user_url as userUrl,
                       user_account as userAccount,
                       user_password as userPassword,
                       user_mail as userMail,
                       user_phone as userPhone,
                       user_ishire as userIshire,
                       user_hiredays as userHiredays,
                       user_hireroomid as userHireroomid,
                       user_questionid as userQuestionid,
                       user_questionanswer as userQuestionanswer
                from tb_user  u
            </sql>

            <sql id="queryCondition">
                <trim prefix="where" prefixOverrides="and|or">
                    <if test="userId             != null and userId           !=''">and u.user_id=#{userId}                    </if>
                    <if test="userName           != null and userName         !=''">and u.user_name like '%${userName}%' </if>
                    <if test="userAge            != null and userAge          !=''">and u.user_age=#{userAge}            </if>
                    <if test="userSex            != null and userSex          !=''">and u.user_sex=#{userSex}            </if>
                    <if test="userUrl            != null and userUrl     	  !=''">and u.user_url=#{userUrl}            </if>
                    <if test="userAccount        != null and userAccount      !=''">and u.user_account like '%${userAccount}%'            </if>
                    <if test="userMail           != null and userMail         !=''">and u.user_mail=#{userMail}  </if>
                    <if test="userPassword       != null and userPassword     !=''">and u.user_password=#{userPassword}                    </if>
                    <if test="userPhone          != null and userPhone        !=''">and u.user_phone   like '%${userPhone}%' </if>
                    <if test="userIshire         != null and userIshire       !=''">and u.user_ishire=#{userIshire}            </if>
                    <if test="userHiredays       != null and userHiredays     !=''">and u.user_hiredays=#{userHiredays}            </if>
                    <if test="userHireroomid     != null and userHireroomid   !=''">and u.user_hireroomid=#{userHireroomid}                    </if>
                </trim>
            </sql>

            <select id="queryUserCount" parameterType="hashmap" resultType="int">
                select count(user_id) from tb_user as u
                <include refid="queryCondition" />
            </select>

            <select id="queryPageUserList" parameterType="hashmap" resultType="hashmap">
                <include refid="queryFields" />
                <include refid="queryCondition" />
                <if test="start != null and pageSize != null ">
                    limit #{start}, #{pageSize}
                </if>
            </select>

            <delete id="deleteUser" parameterType="int">
                delete from tb_user where user_id = #{userId}
            </delete>

            <select id="queryUserAndQuestion" resultType="hashmap">
                SELECT
                    user_id AS userId,
                    user_name AS userName,
                    user_age AS userAge,
                    user_sex as userSex,
                    user_url AS userUrl,
                    user_account AS userAccount,
                    user_password AS userPassword,
                    user_mail as userMail,
                    user_phone AS userPhone,
                    user_ishire AS userIshire,
                    user_hiredays AS userHiredays,
                    user_hireroomid AS userHireroomid,
                    user_questionid AS userQuestionid,
                    user_questionanswer AS userQuestionanswer,
                    q.question_content AS questionContent
                FROM
                    tb_user AS u
                        LEFT JOIN tb_question AS q ON u.user_questionid = q.question_content
                WHERE user_id = #{userId}
            </select>

    <select id="queryUserAndRoom" resultType="hashmap">
--         SELECT
--             room_id AS roomId,
--             room_num AS roomNum,
--             room_size AS roomSize,
--             room_rent AS roomRent,
--             room_hiretype AS roomHiretype,
--             room_face AS roomFace,
--             room_describe AS roomDescribe,
--             room_item AS roomItem,
--             room_ishire AS roomIshire,
--             room_url AS roomUrl,
--             room_houseid AS roomHouseid,
--             room_saleid AS roomSaleid,
--             house_id AS houseId,
--             house_name AS houseName,
--             house_size AS houseSize,
--             house_userlist AS houseUserlist,
--             house_floor AS houseFloor,
--             house_layout AS houseLayout,
--             house_salespersonid AS houseSalespersonid,
--             house_communityid AS houseCommunityid,
--             user_id AS userId,
--             user_name AS userName,
--             user_age AS userAge,
--             user_url AS userUrl,
--             user_account AS userAccount,
--             user_password AS userPassword,
--             user_mail AS userMail,user_phone AS userPhone,
--             user_ishire AS userIshire,
--             user_hiredays AS userHiredays,
--             user_hireroomid AS userHireroomid,
--             user_questionid AS userQuestionid,
--             user_questionanswer AS userQuestionanswer
--         FROM
--             tb_room AS r
--                 INNER JOIN tb_house AS h ON r.room_houseid = h.house_id
--                 INNER JOIN tb_user AS u ON r.room_Id = u.user_hireroomid
--             where h.house_id = #{houseeId}
    </select>
        </mapper>